Moon,Regina,538296 240120 2765,Yemen,BA
Turner,Nissim,5348 8528 9576 2106,Yemen,Cartago
Moon,Regina,538296 240120 2765,Yemen,BA
Turner,Nissim,5348 8528 9576 2106,Yemen,Cartago
Moon,Regina,538296 240120 2765,Yemen,BA
Turner,Nissim,5348 8528 9576 2106,Yemen,Cartago
Moon,Regina,538296 240120 2765,Yemen,BA
Turner,Nissim,5348 8528 9576 2106,Yemen,Cartago
Moon,Regina,538296 240120 2765,Yemen,BA
Turner,Nissim,5348 8528 9576 2106,Yemen,Cartago
Moon,Regina,538296 240120 2765,Yemen,BA
Turner,Nissim,5348 8528 9576 2106,Yemen,Cartago
Moon,Regina,538296 240120 2765,Yemen,BA
Turner,Nissim,5348 8528 9576 2106,Yemen,Cartago
Moon,Regina,538296 240120 2765,Yemen,BA
Turner,Nissim,5348 8528 9576 2106,Yemen,Cartago
Moon,Regina,538296 240120 2765,Yemen,BA
Turner,Nissim,5348 8528 9576 2106,Yemen,Cartago
Moon,Regina,538296 240120 2765,Yemen,BA
Turner,Nissim,5348 8528 9576 2106,Yemen,Cartago
